X_mean;Y_mean;Z_mean;X_var;Y_var;Z_var;medicao;;;;
-1402,71409;-771,7482138;-91,90588216;760218,0961;246820,2633;1486,350973;420230887;;;;
-95,15279888;-163,2443972;-209,3807967;23181,89611;56399,35276;63117,47093;413061040;;;;
174,8999969;95,83919864;3,477599856;15296,05494;527,5580153;501,6433226;421033487;;;;
108,5290902;1,685454636;81,43363484;15227,63499;176,6145877;13110,81413;414190204;;;;
98,83142857;-38,97428529;34,17142752;14030,94622;861,4618191;7526,701038;420594875;;;;
108,047754;70,64693749;-6,432244776;12436,32479;877,1959369;392,680632;421033490;;;;
113,6306655;-24,29866636;44,74133277;11425,30335;1443,165255;6659,210553;420489284;;;;
-39,69306047;-49,82816222;-1,578367433;7905,811838;43,67446326;5042,594315;420606629;;;;
-157,9329402;25,44588206;3,592941151;7791,106438;375,5615316;103,9642033;420594830;;;;
-70,21255702;11,74186031;4,908837114;6122,226915;283,3560856;243,6655229;420594831;;;;
94,45749814;-21,17749983;22,79749945;4211,032876;15,6089793;1483,911668;420554957;;;;
-61,54285654;-31,131428;-36,24857112;4011,364928;165,9348474;1257,958299;411369793;;;;
14,34239978;-29,4431997;-34,25999946;3885,530294;10,83776933;121,1965664;420594997;;;;
-54,17448343;21,86148832;-45,54716045;3724,381424;3454,052274;7098,638188;411452778;;;;
-19,91058789;8,16588227;10,09764692;3646,862519;111,4077947;67,57089011;410926376;;;;
-56,43749913;-12,85687478;-57,10499884;3593,281057;49,36325328;1099,997145;411369795;;;;
18,42193529;-3,692903162;-36,15096704;3293,122824;309,8118781;967,693371;414663660;;;;
100,6894103;54,96470496;-84,9670576;3071,907601;283,4003185;1444,083033;420544459;;;;
45,00479948;13,46639976;18,5016;2983,811583;0,750623888;746,5178609;414659854;;;;
42,23764644;-9,970588186;-2,688235361;2878,387854;373,9922873;1287,844381;414209298;;;;
-49,90823495;-11,94705841;-11,55058809;2610,850579;1231,146044;38,00942917;430229903;;;;
39,58064488;8,490967584;-15,04064495;2310,406141;183,2735615;538,7043172;420933314;;;;
-61,81464169;83,54149094;-22,09502322;2217,190844;2608,600699;2472,132567;413744284;;;;
-81,236841;64,76842047;24,47052616;2159,110914;545,0725529;95,99730495;412502176;;;;
10,23729684;-7,248648524;-10,88270256;2114,663383;672,461949;197,4354653;414175230;;;;
22,75636277;15,7118179;17,02636345;2097,392899;541,5809989;722,5395114;413791713;;;;
56,1553832;7,08923053;15,48923049;2059,264941;33,19334926;1268,299748;420870391;;;;
26,15555472;-18,84666644;-22,42222181;2035,238003;1177,810672;73,04283432;421042700;;;;
-46,37086924;3,692608733;-1,86260845;2032,620763;618,2989652;1991,876943;400357065;;;;
-5,562856857;47,33999957;-11,10428571;1956,39085;460,204605;1192,327429;420324756;;;;
86,63806258;-2,533548308;58,23870861;1936,357773;105,6011242;1460,802298;411369788;;;;
-6,058641198;2,581450241;8,654940786;1896,519376;92,81334843;572,1922145;421311698;;;;
50,1247051;97,51646945;-23,50823495;1786,370647;2167,877625;106,9385762;414091436;;;;
-28,34235245;-18,35999969;-19,16235285;1705,393819;2,120687978;117,1955452;411020373;;;;
12,16235266;1,597646902;8,744705676;1667,137228;684,2357055;117,2636385;420087193;;;;
-21,48666619;14,61777763;21,30888866;1636,72231;6,64287212;342,3161554;412465294;;;;
34,83096736;7,678064368;41,56064447;1624,504979;412,9174674;2678,782084;414212811;;;;
-25,1625;23,34749971;-11,09999987;1538,29132;77,50886984;152,9667842;420520230;;;;
60,86249548;-2,439230595;32,51135851;1490,731956;20,68980798;117,346194;413656623;;;;
159,128528;-29,656311;45,4245865;1484,107584;6,549975946;28,34652176;420599520;;;;
29,12816309;-12,68816313;0,793469288;1432,084187;510,086552;690,9321269;411369766;;;;
-2,029090773;6,166363653;22,93363591;1418,489686;125,6344906;552,4048809;413849473;;;;
5,724705649;-18,38705855;-3,51764698;1335,765446;2064,241586;171,3185138;414103773;;;;
-39,05142766;73,501714;-21,04114239;1324,252556;6201,421509;588,0057162;411364393;;;;
-34,27813909;15,23302294;-8,18511617;1294,194048;37,64729461;148,1631797;412790716;;;;
56,34947309;-39,31736784;-31,62157861;1274,638649;180,549511;371,7022276;421042695;;;;
-24,63647039;0,70470588;23,2764704;1219,165623;159,4818458;1698,439114;414359776;;;;
13,85333291;-58,75199891;9,545333176;1180,741062;24,66697005;15,91818874;412911147;;;;
-49,86470516;-7,603529335;-3,889411637;1168,173594;16,04967539;402,1437038;412178335;;;;
20,32333291;10,05499977;7,269999886;1164,495173;35,03650999;35,2794848;413920618;;;;
17,60057134;32,13257089;9,068571314;1156,878186;870,772272;12165,00731;413460549;;;;
-28,46042501;14,32723369;-10,11957428;1138,645577;5,393885788;26,59543348;412309015;;;;
-17,38142848;-3,634285637;19,8899998;1134,558859;87,91887159;165,4736059;413242466;;;;
12,13411743;44,51058763;15,32352918;1121,889064;187,0600842;34,32845937;412489543;;;;
18,85741904;27,94451585;53,71935453;1075,240338;1198,151002;2375,549837;411365464;;;;
5,205405241;5,721080876;-8,565405186;1073,417846;76,35744026;11,96048029;430113374;;;;
29,85764663;11,11647045;16,830588;1055,37611;822,9238498;377,3307352;412521479;;;;
-11,11636365;17,11636341;25,45090868;1055,25973;32,17011203;389,8490426;420288156;;;;
-17,06108097;16,9670267;-22,25351318;1051,939627;15,88262609;174,9321613;412436828;;;;
-37,6888848;-36,21528259;45,61195992;1035,491516;173,8980465;170,5188366;414161838;;;;
-53,07733278;19,89599961;-18,30266658;1033,855063;493,1707587;229,7771875;413449712;;;;
-43,3079992;-1,339999968;-31,33199952;1016,722492;2,891503341;671,2650071;412359570;;;;
-16,31949332;17,98967343;-39,36340622;988,0519051;45,89589237;5079,133427;413890754;;;;
13,44367327;-49,47795806;25,69469347;985,2117447;714,7739033;341,9295712;430214244;;;;
-13,79999961;32,34765943;-27,30510576;985,1507651;2116,332544;487,4878317;400174858;;;;
37,89764663;8,736470478;16,6823528;968,0876341;54,46282694;51,10890604;411369770;;;;
35,15764661;4,068235222;3,231764669;946,9085456;358,278181;12,71549041;411631547;;;;
-36,70563739;-17,85949415;-19,81648071;932,7020571;440,2886103;406,3233519;430193602;;;;
30,51866632;3,558666553;-1,041333354;895,5864131;59,65147738;122,281386;414274365;;;;
-61,79777136;58,52122759;11,94689527;889,6434011;500,6224259;22,9647156;413015389;;;;
-48,0407988;-5,4372;7,582799788;860,8308294;533,7960774;214,6537219;410691581;;;;
14,69032264;38,60128955;-7,050967752;859,1664094;500,7665915;71,30732877;413816489;;;;
-49,21411692;25,83176433;-30,70117608;856,6759245;46,65403466;594,0376399;413184116;;;;
-32,3699993;-0,186428581;2,644285702;824,9411659;4,665690263;273,6727778;412251664;;;;
-35,11089366;1,715610439;37,53491675;817,9154479;5,859158466;446,1340654;420692212;;;;
-9,772174;20,96086932;-22,81565212;815,6952956;216,169071;1254,760101;410150959;;;;
-14,65439996;13,93679982;-14,6039998;811,8567828;52,96935442;521,6627949;413639574;;;;
10,08172915;8,387294176;-10,19289957;806,0152379;330,3717833;215,1855795;410239009;;;;
18,09680089;-4,588580569;-16,94294135;803,4990848;1197,707937;92,5304819;413903785;;;;
43,48830404;-11,20169272;-6,124978984;797,9406523;171,5748579;154,2383243;411710425;;;;
36,53882276;-6,544705733;20,92117609;783,2013482;138,8342578;204,8626724;414253458;;;;
2,101874905;8,705624822;7,904999891;762,6559051;12,45538521;6,148567284;420517365;;;;
-17,65764682;-10,28117634;44,787058;756,7560276;141,2680001;942,3161362;412087643;;;;
41,29631515;47,48578893;40,95368372;752,2429337;2747,969369;302,9703329;410372183;;;;
-33,98052559;-27,22736802;32,55473629;750,4601074;102,1368952;160,0666266;430085568;;;;
23,7061222;9,668571171;14,12081609;749,4994667;8,390699584;125,1621775;414157889;;;;
17,41499979;10,85499992;7,157499783;742,1989018;661,5149849;389,1588788;413833363;;;;
-49,9649995;51,7518745;45,76499928;736,1526126;2,351144675;165,8104197;410720317;;;;
16,51124973;17,12625004;28,66874969;728,4884017;941,0620629;247,0042565;411944682;;;;
-13,82999984;22,25999992;4,38119975;717,714546;377,1862549;203,2707577;412076429;;;;
-28,16709634;-28,90451553;21,01354813;700,9328945;97,15534608;131,7272866;414878105;;;;
24,2714997;5,390999905;43,18499927;700,2795538;14,31130099;331,2117564;414371230;;;;
45,7589995;-4,85399995;20,35499962;698,5376672;99,29250869;291,031141;430114795;;;;
23,15485676;7,042285491;-3,874285684;694,1607389;87,06707351;115,0342442;414392937;;;;
-32,51742164;5,594441086;-13,53396319;665,2675266;112,6020951;107,2469796;413576914;;;;
21,26339611;1,984077767;-24,17204341;654,5708631;195,8569275;292,7617894;420599525;;;;
-46,81058757;12,75882336;15,1364704;650,7409874;9,408214365;41,87074722;414064825;;;;
19,36457102;7,582285563;-7,532571224;647,9377898;44,50787511;215,6896197;420530349;;;;
26,41647022;9,796470418;14,37058799;645,2945254;3,102490959;49,79050059;413289934;;;;
8,583529265;1,729411847;1,768235353;642,7350202;212,6147912;798,0934089;411104574;;;;
42,11058751;5,283529316;12,62588231;633,8032144;34,62543406;219,3942557;411822409;;;;
20,14344779;20,94827572;15,07034455;627,5511821;6,951528694;21,53547505;430180676;;;;
12,39764704;-24,68588212;26,3894114;626,4914138;28,6594917;80,91787554;421325025;;;;
-6,237272682;9,572727005;17,48727239;622,1542124;6,008477231;599,4900558;411150414;;;;
6,629411765;18,89529376;-14,40352918;619,9374477;37,25666408;243,1489481;414641283;;;;
-10,11656152;5,936574535;4,106602598;618,6991778;41,35662127;88,35418428;414249409;;;;
34,53959935;-0,506399878;21,36119973;615,7561117;91,34906318;190,4947282;411631589;;;;
-51,50307605;4,547692218;28,09538435;607,864446;12,25367564;271,7914151;411190894;;;;
6,629411541;-12,5752941;7,216470538;604,0932929;836,2336372;58,74423415;411369791;;;;
8,00048768;16,161951;-3,500487744;598,4937926;1,978516038;13,5712094;413614207;;;;
-17,10249977;6,069999929;13,32499998;596,0828136;159,7093526;268,4716919;420698435;;;;
14,7529412;25,1635289;-3,027058844;594,4909672;317,1172329;61,05935306;410262234;;;;
-34,04333289;2,143333311;-23,53999983;594,20799;71,68015173;90,73905796;420048447;;;;
13,45043474;2,413043478;0,845217452;590,0971373;111,2622381;49,25778546;411451993;;;;
-15,03906208;2,969284812;19,94761351;587,3650462;28,01790242;121,4018063;420442796;;;;
-64,12749904;42,89749958;56,32499929;583,0907247;81,033649;244,8986796;410720281;;;;
1,30666647;34,34888874;-9,344444203;579,7709327;2,321825991;34,22591593;420027619;;;;
11,56263144;5,505789391;27,92526259;578,711635;28,33130535;1231,821616;414100694;;;;
27,1327271;3,005454415;0,934545567;578,5953124;165,2605519;280,8220483;413313106;;;;
59,54588165;24,34705858;16,26352927;577,6764722;27,77318131;74,54453789;410434840;;;;
22,26612227;-6,241224316;20,63510191;577,0290242;59,38612119;78,50472523;412157501;;;;
22,19657129;3,212571399;22,63714257;570,4515284;39,07362456;6,508074094;413608265;;;;
10,42461501;2,881538401;-4,296923113;568,3794743;21,71908088;253,6060894;414504081;;;;
-22,59999967;0,036666647;-1,261666681;563,2002384;40,88021587;58,88869317;420775588;;;;
58,44071555;-13,90729456;8,875583526;562,0314944;478,152459;86,00451821;420599521;;;;
24,56399959;-3,387428494;1,302856914;561,4011793;2740,415041;792,3793748;414804293;;;;
-10,78352918;13,78705858;-9,632941003;560,9403258;363,4538752;816,6492183;413694244;;;;
6,066923065;4,13307688;-8,282307542;560,8630905;31,64466959;116,4520712;412680413;;;;
19,51764682;63,58823433;4,057646565;551,5649554;1471,869189;2985,50762;430229894;;;;
-1,481999993;12,85999993;0,43599998;526,308598;8,75056516;45,69366565;430167047;;;;
-38,32153796;-7,583076965;7,829999837;520,6327832;253,8135493;55,03802231;430254806;;;;
-25,49647024;8,030588086;14,87999975;519,8944881;811,9637488;402,9230729;420026530;;;;
14,48454552;11,69727264;15,74999976;518,8586189;54,47570486;120,9283695;414060166;;;;
-12,70421032;19,60421005;-27,60947316;516,3147251;107,6443338;28,73610559;420542090;;;;
3,4488;13,01039988;14,01119974;511,3854304;14,68280456;46,36203404;420475858;;;;
10,68588225;21,79411728;5,984705786;507,6103999;163,3253141;58,88892017;412298957;;;;
3,337499833;14,96749983;-4,809999868;503,5738741;6,743889406;13,10514703;413764157;;;;
18,60193526;-13,80193542;8,020645019;500,875062;512,1565037;34,46049163;414017290;;;;
-14,75999978;-151,39714;232,2278546;496,8583856;41342,29879;89514,85979;412038851;;;;
5,579999889;28,27999961;-36,03999928;494,6378766;24,32075105;417,4327054;430021394;;;;
0,969230796;14,68615372;5,930769085;493,0656915;112,4744556;17,03338239;414135482;;;;
-28,87909035;11,2336361;-36,02727268;490,3554244;17,73563254;189,3191069;410414712;;;;
14,62173913;12,63130413;-4,565217384;490,1535527;18,32362933;17,83077149;411451998;;;;
42,67176394;9,707058688;15,16470549;489,3986843;56,3594834;77,2628858;412335170;;;;
6,186666706;11,28999981;13,25666656;488,8164068;33,39921044;362,7044321;414109238;;;;
6,213157853;6,803684026;21,74684179;484,8514354;10,09119649;25,05963774;412017618;;;;
-21,98197025;-7,900628961;15,46799253;484,2440504;24,86035569;235,4386515;414234235;;;;
-14,45733331;1,955999964;13,92133316;478,7862472;4,040738037;206,3206552;414056034;;;;
26,43130398;5,536956421;1,228695627;474,9327428;27,78762474;12,58763788;412026751;;;;
13,03529387;2,610588162;-8,304705751;474,0416277;54,45509137;290,7625045;413570737;;;;
14,91257093;0,779999946;10,70399981;470,761026;118,4304678;119,1157806;414922317;;;;
-1,815294078;-1,36470588;-6,17176451;470,6710215;22,56837685;307,9238346;411968676;;;;
23,03384606;22,34461508;-5,347692187;470,2816031;2,581335963;33,78641172;412603721;;;;
-10,29798649;-21,12693529;10,74066785;469,8897981;15,66558773;115,1467425;421165530;;;;
5,4719998;9,147999903;12,6499998;467,6626782;9,22636075;2,753647593;430217403;;;;
35,45454532;32,60999955;8,274545395;466,8040846;208,6404775;21,09048317;420007534;;;;
7,199999958;-8,31500005;17,89999963;466,5524768;187,1195175;27,49575495;414207313;;;;
-41,01729678;13,10918903;-4,410810876;458,9758707;264,8559177;189,1487135;413551651;;;;
21,86117604;33,65411717;3,157646974;457,7720686;541,6944709;204,4670282;414342303;;;;
-1,5458823;12,75176452;4,142352805;456,0114959;132,6614872;63,90906262;414130063;;;;
40,77306049;22,63224478;7,880816171;455,8606393;10,00274693;71,57407921;411968513;;;;
3,818823451;4,223529327;12,78235275;452,4288071;420,3251998;110,2822472;413753138;;;;
86,36810775;-11,05984477;52,21977864;452,3544563;370,1685834;86,44109145;420599518;;;;
38,60842089;-13,10526293;56,61789442;450,7557524;214,3901196;224,834088;411365353;;;;
-3,611977268;-0,13241356;9,90872512;448,8370866;73,45118517;176,8809441;421025259;;;;
6,145714238;9,391428338;5,037142806;447,9575551;1,464342543;6,286491314;412226826;;;;
-12,0388233;-30,41647033;-24,02705844;445,94564;142,0380575;222,9447278;420595544;;;;
-21,84719973;-21,38639968;21,0503998;443,7606824;4,265423403;1,037003836;414426167;;;;
8,331891795;-3,418378286;21,81729709;443,2534206;137,8202898;413,0426669;400267660;;;;
-9,142500004;14,03499996;-1,107499963;442,9448646;12,46035624;5,293871478;413131376;;;;
-11,61411759;8,065882236;-5,889411535;441,84358;270,1100457;542,9390737;411624799;;;;
-8,425454536;28,09999975;-8,423636176;440,635952;1174,737272;103,0135324;413532749;;;;
7,796363603;-9,512727091;-14,30909064;438,5135032;2,299970406;5,285276901;414347442;;;;
11,0860463;11,29534876;4,960465016;437,8710444;107,7127002;31,71817969;420933030;;;;
-19,81499967;17,71249988;-26,24749954;435,7969672;440,6543817;17,86256725;430009381;;;;
-14,71161268;3,950322548;-9,56903207;433,1074453;390,3307369;62,56940696;412369724;;;;
-19,04999985;6,041538312;19,18384581;431,9925785;21,14258819;4,694561324;414150531;;;;
-3,778420974;22,18894705;-2,999999955;431,9675829;49,50308501;27,26542574;410262226;;;;
20,29294092;21,0094115;-16,00235278;431,4577276;61,48070798;241,7600507;410434826;;;;
10,26136362;2,918181696;1,388181795;431,0917047;61,04445881;631,0209786;411234611;;;;
41,38297184;-47,31134275;-11,85593071;430,2193641;689,0313296;159,9220119;413549179;;;;
2,367600066;17,76839981;10,4855998;426,989112;104,5761786;15,7428085;421123410;;;;
-33,58927806;2,91122446;-21,36389745;426,1766716;0,463198487;301,7071949;410492736;;;;
7,452972938;-12,34378369;-1,545405406;426,1650192;511,0339178;48,66588008;414004924;;;;
27,39411697;-11,28352925;2,454117694;425,8862081;141,0951441;383,7032921;413059232;;;;
2,61658529;-1,36975618;2,661951208;425,0555702;93,53301905;67,86103431;411836460;;;;
21,04823497;40,6341172;8,058823355;424,9560842;560,4296493;18,16163704;410691058;;;;
12,86914263;-2,663999791;10,94742833;424,9497818;798,186934;24,53047084;413388584;;;;
32,96235277;-14,20352914;22,64117621;424,25725;110,487321;187,9582745;420892286;;;;
-39,99692269;22,16538427;15,99461513;421,2498339;27,38424038;8,964913583;414362521;;;;
18,80999993;7,459090764;32,35090859;420,5728209;8,709389044;955,6791661;410434545;;;;
23,39733316;-1,872000022;4,643999927;419,3497517;380,6987809;36,17973753;414198506;;;;
-5,286521674;5,368695588;-6,909130373;417,7896238;25,64539761;81,80991333;420530891;;;;
-12,79384592;-1,333846031;35,64461523;416,7306765;179,611889;17,313278;414879509;;;;
-5,06;13,08499965;-6,11874993;415,260966;1,448553136;16,06679808;430002200;;;;
2,845714305;9,982856938;-7,414285552;414,457033;8,466650646;5,497765617;412098709;;;;
-39,73882295;51,33294022;-27,20470545;412,7099632;1039,292793;607,1788836;414513237;;;;
-39,74374922;13,48124982;-31,1712494;410,6415285;34,24184494;1147,474061;412075396;;;;
6,457499929;15,77749979;6,539999863;408,0965573;18,12849721;244,9023566;420068238;;;;
-42,57599924;-12,49919986;1,000799979;406,511987;56,14071379;46,06941487;413716696;;;;
1,952636986;-20,12505914;13,79950326;402,0667287;349,0289438;437,9910197;411365115;;;;
31,63304291;-4,835217346;15,72391284;401,9378932;69,49673035;36,81846356;412165850;;;;
-16,84499974;4,143000015;-21,8579997;400,8288644;54,72851557;198,5081993;430114793;;;;
40,00117543;-10,26117627;-1,60588232;400,7936509;29,86307787;53,15235529;413412413;;;;
-7,735555374;3,104444367;11,54444423;398,2524618;65,51877676;238,9993531;420827753;;;;
40,29176431;-9,527058596;4,428235239;395,4197269;3,529341225;0,95846683;412556843;;;;
4,172000017;-11,39599977;-1,420000037;393,7237305;277,4571862;68,68609442;413461564;;;;
-10,01470584;-8,280000003;11,97176451;390,4901063;268,2890051;587,3553001;413836198;;;;
-55,42826011;12,54652155;13,71260848;390,2901707;56,57683451;38,01659171;420743703;;;;
-5,233714223;30,37028543;12,75085706;390,0866939;127,6256079;229,3183798;413681190;;;;
-17,03759977;0,14879996;6,37199996;385,9207341;73,62633159;377,7116886;420669904;;;;
-22,39105234;5,843684078;-7,318420934;379,2095623;42,41627539;226,8481507;414418123;;;;
-10,30090917;7,139999825;20,10272709;378,8901809;75,25748196;3,254220872;420331815;;;;
-32,95285668;9,824999893;4,645714214;378,2467551;7,904433223;0,150247629;411458072;;;;
34,55771883;22,9653621;-4,835293993;376,74954;54,36619912;35,82892918;420128775;;;;
12,48705868;99,06235124;20,97882329;376,2507734;81,89840476;21,5577814;414217977;;;;
12,52999974;20,34999948;-22,40999979;375,9641694;52,1019102;77,05502819;412850038;;;;
-10,76129019;13,9296771;-4,300645086;374,6984356;6,263063648;23,36121206;421164616;;;;
-2,723626634;-1,357324896;-4,655511221;373,9497627;197,9757031;1274,70941;414204621;;;;
-6,436363634;9,084545327;8,6577272;372,8559019;3,553504031;148,5171732;412943746;;;;
16,63999978;7,969999911;5,089999811;371,918109;19,50405843;119,164758;414216330;;;;
17,35148902;-16,96085085;15,90893587;368,0321535;2,061095039;1,371283689;414008724;;;;
-1,489411627;-5,661176396;15,29999976;363,1911246;50,76299737;3,689712509;430113945;;;;
-19,64235276;32,91647025;-0,495294124;361,8901315;31,70737268;28,86880845;413681378;;;;
13,22470569;3,467058784;9,690588049;357,9773915;58,58687557;73,44365085;412790542;;;;
-4,941176314;-2,392941157;5,811764714;355,5290545;187,1923115;166,3712623;412771204;;;;
11,11058807;31,21999942;25,23647025;352,2791013;421,2153446;135,063656;414375050;;;;
-6,84352925;36,84705841;-25,03941144;351,9372898;362,6591418;273,2130889;420080189;;;;
-14,86653037;19,38489755;-13,52326499;351,7999749;1106,555639;12,19212193;413868287;;;;
37,34714245;-42,43999926;3,011428571;351,0727316;256,6607909;384,7077989;413844934;;;;
-2,243529451;7,356470494;-23,88117617;347,6000198;244,8364362;157,8802288;412226871;;;;
-0,073043378;10,9904345;7,186956361;344,1730653;6,010249286;14,67162095;414545454;;;;
-9,7704;-7,725599884;2,08320012;343,8479012;616,0299667;601,5997279;430114798;;;;
-4,757499876;7,229999785;6,084999979;341,1264336;28,74051982;1,785573885;410325638;;;;
-47,56649922;22,36499964;-12,39149994;341,0068455;521,5609198;637,5044139;420933304;;;;
0,109285707;4,202142757;-3,929999946;340,3501388;52,80839329;4,103866638;430216238;;;;
-3,297599887;8,975999872;10,37279975;340,1461284;9,494099659;15,95319513;420747316;;;;
5,219999895;7,222105211;16,96736808;338,7995917;118,0000824;711,8482123;414181481;;;;
-19,15148912;-1,760425503;11,69617001;337,9485263;23,21534732;244,5544746;410325772;;;;
1,561428536;18,27142829;5,912857048;337,3978741;41,64413962;34,43113673;412919756;;;;
-3,540000033;14,39749967;0,424999996;337,2649001;6,223454936;52,59064943;420405810;;;;
19,04999987;6,399999899;17,50833324;336,0004419;29,71563307;209,8974478;412047569;;;;
24,86780439;8,699999922;-5,205365717;335,8416588;27,88829972;52,69477868;410720274;;;;
-8,08199982;14,73719979;12,51959977;335,4477351;48,75500332;495,9372479;413923323;;;;
-4,716000047;17,47199987;3,179999993;331,606175;1,131531578;39,19628527;420266936;;;;
-20,96099981;4,883999935;-3,602999952;327,2579073;1,570888309;10,17264278;410759497;;;;
-2,631724197;11,96275847;-1,11517239;325,9930303;17,05227821;34,4873613;420155585;;;;
3,684255379;18,37021246;-13,70042525;325,6667436;7,605128396;70,687293;411631619;;;;
1,973749976;-28,84624959;-4,802499948;324,8061212;173,3672996;439,3519459;412575943;;;;
5,7216;6,26879994;24,60719968;322,2032542;122,1873328;587,212876;420126820;;;;
9,112941118;21,51882318;17,97529388;321,8151891;14,73342341;150,8314734;430071943;;;;
-48,00333283;-14,93999972;23,48666631;321,7934997;13,22928021;13,96582649;413245764;;;;
-13,32266651;-4,61199992;23,21066621;321,6054961;116,1069658;684,814718;412724343;;;;
-54,54947226;83,24210411;-24,65052615;321,2412602;478,1108616;995,3896779;413843534;;;;
8,54400001;16,31399975;-10,71299987;321,2016204;13,20893024;121,2803866;412603728;;;;
4,112571431;0,735428562;-12,83485664;320,9042745;21,81395439;2,436431295;411103219;;;;
-9,569999889;14,54699975;6,96299974;319,8814051;7,127422075;4,928768335;420183552;;;;
-4,6418182;-10,61454527;-0,5672727;318,4582356;41,87345298;72,35236239;413246392;;;;
-9,6767998;4,041599904;-11,60159975;317,6389445;28,33436298;279,4109522;413767278;;;;
-12,41999985;9,378749883;-7,154999862;315,8826762;135,5121401;46,60552104;411631590;;;;
10,64399994;3,501599868;-7,955999926;315,2720867;50,68196112;112,381198;413625073;;;;
5,547428457;3,442285689;-4,556571349;314,5085584;45,40829981;58,3326918;413771998;;;;
19,05333305;6,638333156;21,57333297;314,1089268;44,60567409;20,05805608;413159654;;;;
19,88057119;7,655999817;17,47885683;313,9125702;33,31253485;40,83369249;414019558;;;;
-3,0060001;13,05799985;-3,677999944;312,2285802;6,780533867;6,03040952;421042298;;;;
10,45249982;-16,19499979;29,07749966;309,5166488;68,08945613;429,5444261;412165853;;;;
11,01103428;-3,264827437;-4,355172257;309,4957493;61,08390076;38,03130205;411792608;;;;
8,926363473;5,893636273;-1,824545255;308,4520736;3,287290921;122,9745049;400174904;;;;
8,683499926;21,98399985;8,063999926;306,7670664;7,072578094;89,83897686;412263298;;;;
7,125405381;18,73135097;-9,053513359;306,0346753;38,35436788;102,6241526;430256600;;;;
-22,26399986;7,139999977;5,889999833;305,5280065;101,8564122;398,2359801;420594854;;;;
-9,124615179;13,4692304;-5,250769037;302,745097;0,316965348;41,33839341;420413811;;;;
5,53529412;14,552941;1,63882347;302,5040818;36,42801279;29,14970144;414472055;;;;
12,48588206;6,881176361;30,10352912;301,7217902;91,59170027;24,91157735;414167695;;;;
-10,49076902;0,703846154;16,70769192;300,1068439;26,07827147;19,25632259;420563235;;;;
-5,858399956;11,31839966;4,480799908;299,8553568;0,647663815;4,044215703;412883389;;;;
-16,90619194;-6,44399056;32,11014378;298,9901238;44,7264406;95,69944806;430126682;;;;
6,895999987;9,006666502;6,201333208;298,1052595;3,257709035;17,30146071;414624797;;;;
-20,49999967;-7,580000119;-3,120000005;297,4324701;604,5617887;51,56243834;414016225;;;;
57,48117594;23,22235255;-6,990588083;296,518383;36,33536898;38,38382814;420484425;;;;
-9,521176298;19,03764678;26,91058804;295,5476806;2,462730123;179,648404;420698449;;;;
-10,35631574;10,24263134;-2,336842033;294,8673387;2,171657708;11,35283217;414087095;;;;
-0,788;9,727999853;-8,075999821;294,0618295;3,047271708;35,47405077;430042354;;;;
3,114999917;22,62749967;-6,575000018;292,8239677;58,46628748;105,2949649;413641404;;;;
7,617499854;2,123749973;8,502499785;291,8934988;40,56429924;15,72724387;414024271;;;;
-13,77529389;-5,212941094;-17,70941161;291,4198721;23,14982046;246,8488829;413159656;;;;
-2,640000029;-26,63225781;-18,42967719;291,1639064;4,50809818;24,86186336;413414533;;;;
1,541635611;5,706224543;-97,30622732;290,9303338;10,2523214;910,6592086;413460867;;;;
34,85302257;17,03023234;17,86325552;290,2285941;35,96004445;44,10502545;420971855;;;;
-9,290270227;8,818378103;34,62162126;285,3952938;19,02289541;908,8156848;413736354;;;;
-17,32588208;-7,602352878;19,5799997;284,9317254;120,2833831;97,64044781;414559706;;;;
-9,487470814;-6,202502498;0,945720882;283,5867783;2,627899103;0,733703336;414246599;;;;
-11,64545426;13,50818152;3,818181745;282,609212;1,886501498;3,891615371;414153607;;;;
-5,705853598;7,756097476;2,774634085;281,5095201;38,12328437;13,24058028;414668298;;;;
-4,482222111;11,85777752;10,8288887;281,1363987;2,047333137;31,73631647;421301127;;;;
-4,906500063;-0,061500038;25,2329998;280,9522066;27,77824329;90,54073175;412150113;;;;
-17,22272701;8,91818155;0,854999984;280,7182716;1,151847782;29,00178763;420701839;;;;
11,09882333;24,38235258;-14,07882329;279,9002094;92,12543169;12,21434194;414444211;;;;
-3,279310207;6,571034262;11,52413774;279,5477746;5,973587343;0,980982484;420048557;;;;
3,556666611;11,24999967;6,193333223;279,1672102;12,77544561;48,65529228;413777548;;;;
-20,7730433;-0,080869543;-0,7147826;279,0369622;10,04943524;3,503425906;414337264;;;;
4,868888859;11,51333307;13,47111094;278,2425221;8,117814922;158,5607152;430082149;;;;
-12,68142846;19,68214254;-0,906428535;275,1173815;61,16919653;18,23209001;412274452;;;;
-7,944168973;3,438307077;8,707744097;274,8583103;15,66483436;41,35278741;413739712;;;;
10,18212735;3,18638294;-22,27021232;274,3071393;5,491758281;107,0003428;414857108;;;;
31,76352898;-4,511764591;5,618823416;274,0927737;42,70233757;31,03974923;413733556;;;;
-7,186000033;11,8599998;-6,13999982;273,8203814;0,54057917;59,56667244;414019583;;;;
-6,052258126;16,06645127;3,677419326;273,5874484;14,96129018;13,75036636;413633376;;;;
-36,97787164;8,018297798;8,199574349;272,7417602;113,1918883;31,63449529;412921179;;;;
3,264440663;-3,592730729;-12,88982528;272,4616955;155,1694971;40,22564071;414283882;;;;
19,6463411;-0,038048789;24,40536539;272,2372177;46,40503446;120,3976376;414740161;;;;
-15,13882329;-7,461176324;25,62588214;271,9576015;6,568102372;26,13402004;414798700;;;;
2,661951105;11,00341434;-15,0731706;270,8130058;1,36329815;63,87003224;413633694;;;;
-1,140000152;11,11142838;3,64571421;270,4334283;0,14854288;2,406565609;420085458;;;;
17,71176434;25,1152938;-0,529411791;270,4155771;11,22842442;64,08730085;411096199;;;;
8,608888815;20,98888863;3,699999856;268,4900335;31,99348745;93,12202664;412035647;;;;
3,76559988;9,98399964;-0,789599984;267,615972;0,443099958;44,19890275;410325529;;;;
0,758823471;-7,888235096;17,21411747;267,3100457;15,2068815;5,422212807;413034263;;;;
3,137777612;1,319999963;13,04888856;266,890645;115,6297809;1,012533173;414715726;;;;
9,593333342;-3,566666647;-1,729999894;265,8934105;16,90992947;66,67676278;410024918;;;;
28,55571377;15,27142827;-2,992857117;265,6354551;1,154324971;77,77935029;410414788;;;;
16,34399982;16,33439964;10,12319997;265,5974938;28,66358336;29,44545636;410325734;;;;
-14,58104858;-21,37836714;34,44671167;264,5384045;10,92667558;33,52262129;411625529;;;;
23,24195084;11,12926801;12,24439009;264,0648065;0,560362099;110,9644878;420517262;;;;
30,60352907;9,423529229;11,19529384;263,5269656;95,47594451;2,07621736;412459748;;;;
19,95166631;4,831666574;5,691666451;263,3760914;8,808991269;18,29461255;414631295;;;;
-21,37384608;-13,26923058;19,39615348;262,9939146;105,6982124;270,5335251;413569135;;;;
-7,275428429;5,394857021;-3,605142844;262,4138084;11,5429487;22,59219637;412790541;;;;
27,04340403;1,839574451;8,784255138;261,8584712;135,9861272;17,85892023;411451994;;;;
-16,05714264;14,67999971;-0,977142836;261,3569226;2,079840642;2,255811393;414672464;;;;
4,53599999;4,879499884;10,1714998;261,2759579;23,3694245;100,0785177;420858445;;;;
-29,46941122;41,52352891;-31,21646985;260,7422866;1548,589706;650,6016274;411210234;;;;
-2,937777715;7,415555485;-0,944444419;260,4003153;23,48840997;30,3858246;411631604;;;;
-17,53090896;14,0549998;10,45363608;258,5962461;25,02286697;152,0842338;414821675;;;;
-3,400540535;10,08486473;5,839459343;257,7878073;21,18427595;60,07280821;413492829;;;;
-2,260714252;-15,46714264;-1,752857151;257,6042729;1,61956225;15,80996147;413807727;;;;
-0,967826139;11,95043454;1,575652304;257,5529284;35,19512124;106,9963226;414647736;;;;
13,21276575;1,768085081;23,19574455;255,7158074;17,29421973;86,24608422;420476200;;;;
16,17058808;5,264705755;-4,107058747;255,6841417;22,31896856;37,72415513;413810369;;;;
-23,24444304;12,86480465;-7,090342465;255,656214;5,992202906;0,564444069;413636858;;;;
6,141176524;10,57764684;-10,17882335;254,886717;6,145994236;54,11967146;414289678;;;;
4,621874981;4,130624855;-16,72687488;254,1598713;21,4026047;38,7333839;412536271;;;;
0,215172307;11,1206895;-6,097241286;253,7242631;3,282499184;38,34627654;414233748;;;;
-14,43130404;7,432173883;-2,819999941;253,4916589;42,07460889;25,25563579;411853917;;;;
-4,479512061;7,778048588;-7,021463268;252,7845415;6,125175506;159,0378221;420176318;;;;
35,78705835;-36,49294065;39,49411684;252,577188;640,3789669;1968,403553;413656547;;;;
-13,99674407;-1,325581382;-2,415348801;252,325762;1,491053773;2,817787305;413689659;;;;
26,57176442;-1,250588282;-5,639999896;252,0126697;61,32677006;73,41465333;410061055;;;;
3,551111019;8,473333213;10,02444418;251,76157;25,73621448;35,45111644;420165915;;;;
-8,736470507;0,537647137;3,003529357;251,5577813;560,1534979;28,94765835;421325146;;;;
-1,6824;6,263999936;7,924799828;251,5567389;12,6485998;9,522575225;430179117;;;;
2,830285599;8,686285543;5,540571306;251,5484036;79,39251025;23,83156293;420217696;;;;
-10,28666666;10,74333308;5,521666631;251,4932045;16,83399874;4,306728588;414557246;;;;
8,587659534;-9,268084968;8,365531838;251,1567576;324,5293269;119,6904088;414883284;;;;
-24,20553161;-13,33787211;-29,32978685;250,6530861;706,6862311;524,7278987;411372855;;;;
-11,55119992;0,885599943;7,88159974;250,5288284;18,35648321;6,516263172;412616870;;;;
-5,839999875;8,29749973;2,497499979;249,9006237;27,40397424;77,72143484;420256625;;;;
3,431612648;9,60774171;4,581290243;249,7786505;4,360258211;48,69181024;414036218;;;;
-6,90000008;7,8095999;6,146399887;248,6951925;13,16030369;25,3683231;421300669;;;;
8,985517131;11,43103432;-2,551034448;248,6894499;18,72556057;72,49618648;421148323;;;;
1,448888815;12,14444434;4,026666585;248,2359732;93,71056281;0,945507599;413714548;;;;
-5,602857143;16,11428548;0,768571414;247,4072824;29,17424669;9,074742664;420933266;;;;
-3,308571379;0,18000001;12,94857133;247,3773379;151,4807993;45,22702287;413911889;;;;
78,83823385;33,12705815;-46,0764695;247,0626603;164,7557914;856,9026957;420594900;;;;
1,879148823;11,65021265;-7,861276466;246,9852092;6,197684396;121,3726643;420957422;;;;
-24,97714214;1,10571448;27,70285678;245,7760937;128,2960834;241,4217616;410372402;;;;
7,996799906;13,91039986;0,594000024;245,2756418;40,45846836;66,53214997;413270728;;;;
5,628387023;13,79806418;-3,181935384;242,4308095;0,455396214;7,172275681;414472587;;;;
-43,04333267;12,88499983;10,08833318;242,0932592;10,63879682;101,4930802;413395106;;;;
31,52903184;30,24774158;12,35032247;241,4205214;1,91705799;129,1682607;420085819;;;;
-3,655384642;16,43538433;3,803076741;241,2117818;13,29492122;20,13813177;414186631;;;;
60,56590848;56,85545389;7,491818041;241,0307842;974,6911699;9,546293976;412609015;;;;
22,1576465;17,6258821;3,90352938;240,6067854;40,65233825;54,77645824;412552044;;;;
54,15764653;32,64941124;-26,71882316;238,7489681;82,91553886;206,2550085;412084411;;;;
-28,31684163;-6,688420884;-1,361052565;238,643779;337,8693363;86,31082002;414876661;;;;
-2,381739207;-0,708260893;11,47304326;238,1383709;64,44457676;26,03678579;414818804;;;;
18,56999975;13,22399972;13,38449969;238,0840554;38,68722282;10,55951805;413890545;;;;
-12,86999968;14,90499988;14,01499978;238,0621246;153,1990012;119,9580396;412503408;;;;
0,635294061;6,323529305;-16,44470558;237,6319868;20,01313059;313,2496436;413556342;;;;
2,99612885;10,90645133;1,759354792;237,2402168;6,392810488;11,57025222;414030226;;;;
-2,724444504;12,74888859;4,731111067;237,045392;1,744994876;2,823425601;420009486;;;;
-16,13999984;-11,09749973;-1,779999986;236,6163507;3,252708483;22,53421235;420696174;;;;
-3,625565814;64,50862954;-36,76268664;236,420191;246,8127614;171,7759401;414268028;;;;
-10,93679984;-6,748799876;31,4999998;235,4998476;106,3743313;51,63030016;411210054;;;;
-27,74461489;-33,11846136;-34,75999959;234,6524852;124,2963441;84,51877655;420595005;;;;
-6,30720002;1,010399924;2,531999932;234,2343894;88,44920136;42,25079839;420247417;;;;
-4,542438995;-17,87268267;-6,859024266;233,1131774;106,0619728;11,64661851;410414974;;;;
-16,39199982;9,909333102;-1,339999984;232,9452927;5,511101618;28,14741776;414054966;;;;
5,39999978;25,71176438;10,3188234;232,8485647;187,5882693;49,96893367;430099285;;;;
-0,936521831;10,53391282;-5,14695645;232,1891014;9,858705539;7,340712897;412539180;;;;
-10,56599986;9,362399842;5,338799922;231,744227;4,52027127;1,054063828;412907099;;;;
-8,056666586;10,8999999;17,23166637;231,7273898;49,23545145;116,0524386;413638798;;;;
-5,556315803;23,61947345;-14,78526297;231,4627792;321,8849987;60,42544113;414221653;;;;
6,556000044;17,79199961;-12,72933304;231,1107308;7,482044172;18,00882885;412430776;;;;
-8,257142633;-3,765714286;21,07142798;230,601763;446,2491173;204,3945332;430251642;;;;
20,1479997;16,17119964;6,583199862;230,1919278;1,447382398;79,58380431;411096021;;;;
23,27499955;12,24499969;-0,842499971;230,0465341;0,527139311;98,93972963;413625483;;;;
-6,331199892;14,58719972;-3,146399948;230,0421294;1,584396034;31,44572325;412496691;;;;
4,541987198;4,172650179;26,14970338;229,8414043;47,08733514;67,51004081;411540105;;;;
-33,48941137;32,40470527;10,63058814;228,5906884;290,849441;821,377663;420833669;;;;
-2,880000148;14,84363612;0,870909061;227,0967675;15,41181116;147,0697002;420908649;;;;
2,531707371;13,98438985;-11,10585354;226,9699548;2,760190745;106,6037025;412915437;;;;
-11,25882334;-3,718235225;-26,48823497;226,8955316;166,3921023;19,08005112;410238783;;;;
2,396470255;13,4447057;11,84352915;226,3834614;1,371289172;33,26300348;411458070;;;;
-6,711428428;-10,33714266;-4,71428559;225,942215;82,67872867;20,05400477;413372192;;;;
83,91646884;5,830588135;-52,55999916;225,9319631;0,620885645;117,2625064;421325202;;;;
-4,245000006;12,90562485;1,061249994;225,9174136;109,5720031;39,22918375;413383881;;;;
19,53299976;12,03299985;11,76299984;225,4511216;6,996306023;90,87706166;430208477;;;;
1,538999675;10,61399965;4,76699985;225,2657335;2,590446393;24,90422081;421161593;;;;
15,56812445;-0,451629686;-1,871789236;225,2498989;171,6566887;42,36805513;413713160;;;;
-3,316666628;-14,6133332;3,256666636;224,8900638;232,265916;7,017451399;413676022;;;;
-11,69675664;8,176216038;17,11135116;224,4949829;2,631329496;14,16996749;410149109;;;;
-7,352142668;10,34142836;4,04785708;224,3395851;11,92405711;29,61266059;410926363;;;;
-10,52709675;11,55870944;6,776128901;224,0903579;1,182131404;109,78006;414703456;;;;
-3,9058822;-13,93882332;-8,698823405;223,4822648;5,316550153;200,1520018;421209530;;;;
-5,88400003;4,543999959;21,68199969;223,3638423;72,38009283;259,5727753;414283301;;;;
24,03139255;6,974199588;12,97580187;222,9105083;120,7911689;107,8539477;413643501;;;;
-7,570434665;9,459130283;6,211304244;222,0596591;4,648126231;12,427157;414877901;;;;
-5,731428571;6,979999739;8,014285605;221,3030163;11,96075798;11,53460527;414714742;;;;
22,69499986;6,717856915;24,22928539;221,1254995;40,41532516;21,34321372;412414828;;;;
24,46928543;-16,45714263;-19,11214264;220,7384102;8,945827804;25,84039447;411369690;;;;
24,41284759;-2,567185637;14,36830929;220,2136601;0,45731664;79,82979253;420759360;;;;
32,89176433;13,83999977;11,39529405;219,9175201;2,516352062;111,883366;413915881;;;;
31,58571386;1,72285712;12,64457131;219,6811642;14,09560284;18,0161662;420146852;;;;
0,607058776;-0,774117604;12,9435291;219,261256;33,35230649;6,151547718;430137365;;;;
13,58869549;-10,28086931;30,07304317;219,2605675;10,50827101;86,88140212;411417386;;;;
6,98588218;11,65999966;15,17647033;218,9222192;4,46337594;49,0713693;414613496;;;;
-14,99411746;4,136470539;5,547058686;218,5685579;62,54962565;45,76785052;421311284;;;;
-2,017714329;9,550285623;4,316571394;218,4799879;10,77087892;74,92191432;413444041;;;;
39,19263063;5,548420912;21,11684172;217,2954222;36,02014539;96,02618641;412718756;;;;
1,589411788;7,881176337;-12,76823503;216,6781448;8,876422253;115,2345596;412745600;;;;
-14,1776469;-10,75882321;-32,42941133;216,1590154;1,063798333;61,7852679;411104570;;;;
10,51846155;10,46307667;10,18461523;215,136592;9,381905866;90,49295403;420030896;;;;
-12,54612234;26,4808159;14,07550998;214,8924296;20,86973166;200,4422817;413332444;;;;
-4,499999976;9,33103431;11,09586179;214,4285901;22,87687291;258,1672853;414779741;;;;
-26,09869546;2,907391452;-12,4304345;214,2381544;537,7994662;6,298448521;414254834;;;;
2,546666648;9,196666478;3,336666411;213,4080875;5,714175972;145,3227345;413924704;;;;
-29,3588231;-0,2541176;1,676470565;213,1844323;38,11933044;87,8903127;412792157;;;;
-4,836774226;11,45032234;10,07419325;213,1540004;1,969222933;6,605124377;430258651;;;;
9,835293945;17,33529385;1,124705943;212,8495379;9,246505569;299,4240639;410954632;;;;
42,4529992;-10,08299983;3,827999895;212,8048866;16,98914756;38,87454086;414577061;;;;
-5,695199992;-12,45599974;12,60239992;212,7845072;1,897420491;78,25826313;420508193;;;;
24,91588203;88,92529297;38,97529374;212,1834063;0,893098746;80,16220959;430061045;;;;
24,45631546;4,795263088;16,70999979;211,4368521;82,02597376;123,4474523;411543489;;;;
35,68746665;18,53716707;12,96362175;211,380057;57,17711775;12,70371383;411097615;;;;
4,661379348;32,69793083;7,766896352;211,3297906;0,804724026;5,990293022;420575542;;;;
9,9211763;8,95411749;14,36117627;210,3469591;222,4957753;1,832518556;413146813;;;;
-15,4499997;11,79692287;-10,01769213;210,2691523;22,24686828;6,145482148;413454878;;;;
-24,79090888;32,38181779;-7,838181666;210,1840724;48,32088203;56,89975679;414154308;;;;
8,941176347;3,654117559;-0,230588233;210,1329275;135,6391031;97,43059575;411458122;;;;
2,33666672;18,78333294;8,133333317;209,956853;6,813517466;20,26047071;411797820;;;;
-16,93919974;7,778399816;-16,13279951;209,8199108;24,45566298;669,4074521;413794013;;;;
3,9423528;7,16823519;6,312941086;207,8997476;3,73857871;23,74089269;414438601;;;;
-5,089999858;16,55249963;-0,024999987;207,5624293;0,593315551;3,419660738;412633968;;;;
21,19999957;-24,9566665;12,783333;207,3523679;6,518741818;26,45807987;411978112;;;;
7,807317014;22,3785363;17,85219477;207,3418477;218,506223;250,5092458;413201552;;;;
-13,7169228;-38,24307663;17,33076883;206,87099;665,753485;508,1557312;414545482;;;;
-4,834545358;10,28909062;7,19454531;205,8803976;9,001376795;55,57530491;412909734;;;;
2,782000091;4,06799985;-1,429999985;205,4838917;160,135047;22,8113581;413897301;;;;
-15,22551717;3,206896528;-8,906896482;205,4035667;213,97026;535,2044261;413614692;;;;
10,23073149;5,316585363;20,09268257;204,044417;153,4415127;81,3549932;410668795;;;;
-4,667368337;19,86315755;0,404210374;203,8966284;60,12418818;343,6811287;420738954;;;;
9,739354722;12,9658063;37,49999981;203,4752074;33,90680511;15,46199942;420595509;;;;
-5,353333248;9,224444311;3,700000052;203,3053752;5,623917654;93,0082138;430089943;;;;
-15,56999971;6,2324999;3,092499971;203,1520627;0,349767381;145,2167873;412254564;;;;
28,81114105;-21,57972602;-6,062946667;202,8603501;40,26479344;14,14835195;413849669;;;;
7,683333192;22,52499961;7,264999842;202,3600947;33,13920871;11,77043109;414426168;;;;
-0,59111103;9,87111097;12,60444419;202,3019084;39,67016306;70,79979112;420162277;;;;
1,554117563;9,53647042;-12,48823519;202,2162066;5,003914938;19,82088314;412891375;;;;
-30,39374969;10,43812488;13,67812487;202,0733223;4,285505769;10,54253839;414210219;;;;
-27,77699971;-26,41049958;-26,1089997;202,0661409;18,83979498;33,36619478;413113540;;;;
-0,409565161;11,11043459;4,633043359;201,9507186;1,781885985;50,48867508;411624839;;;;
43,67058753;25,45764676;21,82470567;201,8891983;3,524874637;49,40637673;420085822;;;;
-16,41647038;-0,862352938;10,78352925;201,4961789;9,199290267;10,51647477;430012821;;;;
-7,518620514;15,3062066;3,775861952;201,3778459;0,636260314;58,81986548;414330919;;;;
-16,5458822;-18,44705861;34,34470563;201,1086029;1,977741289;64,09500173;411211683;;;;
-3,077647045;-6,488235073;-1,117647078;201,10295;97,86455877;610,6411993;413540415;;;;
12,78470573;15,52470566;11,85764694;200,6518775;3,627193758;8,26127426;421274125;;;;
-4,444705808;-0,188235327;7,165882192;200,4080866;13,89110613;27,77504341;421284529;;;;
-10,49249984;8,513999813;1,182000012;200,3987348;6,414793439;36,94231279;412931523;;;;
-37,63999953;6,98799991;-15,68799969;200,3822847;9,794416472;54,54638693;414104879;;;;
25,35937453;10,21499983;15,30937492;200,1236712;43,05228233;194,5581911;421291908;;;;
7,247272615;4,907272748;26,58363609;199,9779147;116,9875686;14,40156183;414227099;;;;
-40,69199951;-16,32685697;28,3491426;199,6150833;25,80729386;38,05313717;420321933;;;;
-9,758823498;5,814117558;9,419999843;199,1859522;28,96073966;99,04981967;414474819;;;;
-4,449473458;-2,755263083;20,36684167;199,0600481;15,02997623;118,1748989;414829280;;;;
9,938823361;4,48588228;7,219999879;199,001057;0,424308704;121,1631329;413566583;;;;
5,001428481;96,93142802;29,46714243;198,8028525;1066,011494;279,748299;413668919;;;;
16,70759976;0,464399988;-7,466399814;198,660223;0,086665956;63,7308945;413055741;;;;
0,73750005;11,67249963;2,392500146;198,2743692;2,844305864;185,9397769;420157154;;;;
-3,907200027;11,45999992;14,28719973;198,0273906;8,73869972;264,3273856;412900216;;;;
17,33176447;13,74470563;24,13294086;197,6363985;3,273529177;79,44009358;414684661;;;;
4,358399916;16,80719984;-1,139999946;197,452757;0,553596132;56,6672977;430073127;;;;
-4,593846074;9,538461369;17,86307677;197,252674;48,93280752;9,694411536;411806531;;;;
33,80833278;14,38499972;19,4016664;197,2052098;0,308854349;66,85244362;410414834;;;;
-4,14479994;11,07839976;5,011199948;197,1026719;4,886664334;78,59253393;430154481;;;;
-6,681999893;4,925999913;11,16199989;197,0449985;15,06347955;13,87700277;410024462;;;;
-1,801395244;-1,787441773;15,18976717;196,9601917;71,30203666;5,098616972;430139260;;;;
1,352727209;-0,118181824;13,91454512;196,896617;12,30603384;19,51770618;414072263;;;;
-10,88933325;0,766666627;0,958666637;196,766439;61,37163385;17,38758824;410151260;;;;
-11,35999981;14,22749969;-6,787499832;196,0148797;2,210810945;33,95873934;413815270;;;;
14,16888866;23,18666633;3,719999933;195,6485562;0,838338102;9,50261494;412449543;;;;
17,62941155;18,63882331;2,450588196;195,3284619;25,07656691;20,984165;412058372;;;;
2,91551018;10,67020386;3,253469377;195,1919842;1,982451899;16,88553971;410149491;;;;
40,80235253;-18,72470567;52,37529302;195,1045843;6,636217695;85,21110559;420556108;;;;
-4,346896672;12,15103426;-1,185517137;193,7128013;6,781015625;70,38222191;420515388;;;;
-27,40465081;-8,80046497;32,99581368;193,4310995;13,01086587;1075,57565;410414732;;;;
25,56652137;-7,040869474;37,79086887;193,416512;11,73923453;191,8785486;412681059;;;;
13,27199978;-10,76999986;1,513199963;193,3652513;665,2640042;105,5466027;410431698;;;;
21,01674386;14,93302294;5,339999862;193,3375372;21,22906507;33,55936972;410150925;;;;
-8,084210429;14,30368391;-8,538947339;192,3668083;1,382115537;115,7896392;421005252;;;;
11,33234019;12,14042533;4,451489264;191,8317268;34,08703332;50,21321058;414259849;;;;
-3,734999875;13,77999975;-2,052500063;191,819655;2,120764878;117,7960591;412710689;;;;
-36,99947324;-7,580526195;57,70578839;191,6774767;11,51888605;25,35828506;411947933;;;;
-11,12999986;12,96299965;-6,3749998;191,524733;2,940432823;5,715235816;420719578;;;;
-7,336363623;12,1745453;0,9954544;191,2073767;3,118597401;39,62868033;420596708;;;;
-12,63866653;7,977333198;7,927999809;189,8272018;1,869374587;25,95151519;414155218;;;;
7,447741748;-13,50580631;-3,398709623;189,5670524;5,339845405;16,71013118;413412937;;;;
26,93999973;1,050588217;-56,43999914;189,2547341;3,289589532;68,92367658;413739686;;;;
21,05749951;17,10499988;-0,669999983;188,9281407;1,110338991;104,6609699;414627377;;;;
19,34941143;15,48823512;19,49294086;188,7277477;0,466131009;46,88548478;430256123;;;;
16,3319998;14,1479998;-30,16799951;188,6946133;6,479074949;302,9740346;411505011;;;;
-15,57599961;11,53885695;0,36514285;188,6705287;144,9799944;5,740596116;414365721;;;;
-21,3299999;-17,45699964;20,44799978;188,5209221;41,98355979;357,7859381;420344737;;;;
0,424800081;-22,87439965;9,424799791;188,3435976;243,728747;28,30435065;413400545;;;;
4,171304196;14,39999971;-9,650869263;188,2826742;1,323360149;16,33599326;414030833;;;;
-0,689387744;7,999591686;22,16448952;188,1474091;0,563458085;56,40448686;411630595;;;;
-5,918823571;0,882352919;17,98235271;188,0482149;19,39579351;42,66709597;414676777;;;;
28,56999985;-24,95624973;33,6862491;187,8311991;13,03052884;11,52718374;410325520;;;;
-6,550588155;-29,19411722;-42,47294071;187,625043;6,343524107;101,2846475;420415123;;;;
7,376470461;-8,537646924;16,40117627;186,9551108;146,1403102;307,5604939;414230641;;;;
16,56352913;4,994117512;31,39999943;186,9045614;54,57421069;34,28073406;412150114;;;;
4,355744643;13,56638267;6,194042448;186,6765295;11,5007846;55,69641458;420024927;;;;
-37,23545423;10,99363618;-7,625454377;186,6338252;3,028433571;48,22693836;414026455;;;;
-4,789285648;5,43214283;12,76285696;186,4632095;48,99559455;74,37595935;421054002;;;;
10,52297864;-2,006808521;-2,814893481;186,4589496;50,179587;88,39202187;411104552;;;;
12,93176456;3,254117647;7,281176347;186,0098024;84,51068795;22,47747292;414776592;;;;
-10,57979535;-3,916506403;-25,06823701;185,4481057;188,1911273;178,625423;420695961;;;;
8,486470532;2,23411762;10,9235291;185,3544385;15,4457577;15,40667693;413579744;;;;
10,88879973;5,330399968;15,38639968;184,9410266;8,148804083;13,86212361;414773121;;;;
3,541578842;5,755263039;5,477368295;184,6100368;33,64898113;12,7253002;411782972;;;;
-12,65099998;8,623499863;3,331499897;184,518744;9,665904917;18,18811938;413032989;;;;
22,13636321;10,38363617;25,60181762;184,4675778;20,76141094;96,81040367;414448137;;;;
8,678823294;-10,64470574;34,78588175;184,4646889;8,086777762;156,0295533;411103201;;;;
31,04727255;16,13999977;-0,591818232;184,4159077;5,625257777;207,4200932;414702543;;;;
-44,53999961;-1,859999959;-11,18666656;184,1035735;19,80846985;120,137176;412165848;;;;
-6,561176354;10,19117631;0,922941188;183,2648415;5,190137481;21,5184025;410759360;;;;
5,310588104;-6,202352843;11,09647045;183,2322727;1003,547196;317,0435549;420642823;;;;
-7,578181782;13,32181789;1,461818233;183,2032051;6,188508558;74,86825603;410237395;;;;
-9,397241198;-17,271724;34,86206859;183,0930135;38,35150034;131,0851206;412917334;;;;
16,44959967;13,92719975;-1,514399954;182,1622967;70,61829425;67,72807959;430074422;;;;
11,67333319;-0,466666639;-10,86666643;181,0301129;10,56009403;10,61995241;411792614;;;;
-1,019999862;-7,08705865;-9,202940915;180,8775223;5,559220809;20,08800201;411456231;;;;
7,56413779;30,57724103;-20,43310314;180,7145771;10,02379204;25,9481794;411125560;;;;
-2,809565343;9,247825887;13,97739109;180,5182763;2,550208698;1,692483581;414055713;;;;
15,71828557;20,1942854;1,24971426;180,3713225;7,645401417;8,418384941;412058366;;;;
28,35724104;-7,015861933;16,14413776;179,6871657;51,07112371;27,77295323;413325853;;;;
33,04595685;11,92723383;0,772340405;179,2124085;19,33058033;2,793070322;421251115;;;;
-8,964489724;-15,35387728;5,531020286;178,9691832;132,1929311;181,9641942;412356319;;;;
0,38571423;11,83428551;-2,785714194;178,9317187;41,1501243;12,45332484;414787382;;;;
25,30588196;13,49764668;-0,397647098;178,7988403;0,449562409;125,5895897;420517235;;;;
3,714117608;3,403529375;-2,594117466;178,6583821;0,103259303;101,6060461;413695719;;;;
5,775789536;14,12842092;1,471578884;178,1479311;1,046147756;33,14054556;413363272;;;;
4,161176412;7,379999941;-10,91411749;177,8172162;0,77255997;57,88875643;400301043;;;;
-8,483999804;13,65599965;42,34799932;177,7264576;7,824277069;857,5971244;411097656;;;;
8,936842126;22,59315768;9,331578798;177,443204;104,8202679;76,22323269;411985505;;;;
-14,71714267;11,80071397;9,314999778;177,0220906;90,30240926;34,09589787;414155305;;;;
-0,987000045;8,87699978;-1,19999985;177,0174838;5,86438966;82,00761576;430154476;;;;
19,3128568;0,458571442;14,57142842;176,2028189;47,19579164;169,1572485;412867659;;;;
-17,4179998;12,50399979;-4,58799986;175,6102673;18,06122463;23,12658021;420531091;;;;
-2,531764555;7,65529398;21,72588198;175,433614;133,5336702;263,6785713;421173510;;;;
-3,648571381;7,682857067;6,405714233;174,8241362;35,42489106;2,253565731;420100501;;;;
-26,0072722;9,391363484;-11,60454527;174,6538164;52,79064727;35,96522452;420760784;;;;
-15,21999981;5,250588079;4,417646955;174,488058;33,70123552;22,45304933;414293803;;;;
-7,290588227;4,151764641;2,244705846;174,4057947;37,53273711;87,86162174;420072941;;;;
-1,945714167;-13,93714266;13,31428545;173,9975533;252,8204851;97,12544291;414638846;;;;
4,420000205;9,41999981;-9,062856862;173,8909125;0,276480012;15,22924976;414055451;;;;
-46,21777693;-4,753333245;3,204444352;173,5742209;18,46587603;137,6848379;420495739;;;;
2,321666552;14,00166635;0,81833342;173,5343563;16,58409947;76,28649632;414114071;;;;
15,71250005;-23,04374948;8,74124975;173,1296965;104,2547803;3,464984454;420891079;;;;
-2,923333283;6,046666617;3,089999983;172,9799165;0,703717671;2,595917694;412461237;;;;
-7,069090841;17,86090886;-11,26909075;172,8585024;8,73784647;10,56364634;412718183;;;;
-4,476521533;1,957826057;-3,303913052;172,6386323;13,38437707;76,2472623;414221862;;;;
9,601713821;-7,37839284;-8,536715703;172,621162;1398,994381;82,29608254;421165532;;;;
-8,51399995;7,292999905;6,824999875;172,4365503;2,136306479;1,994352426;414028553;;;;
2,014736842;13,24105245;5,324210511;172,3237173;12,94962102;95,29793474;421023183;;;;
29,42235249;12,73647035;1,218823567;172,1375908;0,97129124;109,1998742;414702539;;;;
38,73454494;-2,607272625;24,92909076;171,990452;50,21934234;39,68282825;414041749;;;;
-9,95268281;7,47073161;16,23073144;171,9270296;3,189801932;23,40506329;413360186;;;;
-0,127058765;-23,57647033;-13,67999976;171,323492;94,73331282;0,724950124;411504989;;;;
13,70181799;-1,502727227;-9,949090737;171,185669;371,2228969;236,897696;414600718;;;;
-29,14235247;4,935294051;-17,23176456;171,1179689;2,448265358;62,70220995;413324168;;;;
-7,834615385;9,145384392;13,37999979;170,2466395;10,40404922;128,9502669;413762499;;;;
9,933333278;2,096666637;-11,94999976;170,1085596;1,012435296;23,06763643;414280301;;;;
-6,578999908;11,83049985;16,37849981;170,082745;22,40730172;83,83430428;420130665;;;;
12,72782603;13,61999976;-1,713913019;169,7004985;1,837309208;53,65434032;412579670;;;;
19,93542819;6,166285481;26,02114271;169,5513848;111,7656127;72,95691658;414724119;;;;
-12,45081074;15,44108082;-9,914594514;169,4399222;33,59544288;28,87988065;410415007;;;;
3,973636514;13,69909059;6,163636255;169,1937938;24,07590255;145,7170863;413500780;;;;
6,767234066;13,35574451;-2,693616962;169,1730642;61,06455547;46,20807038;410325645;;;;
-3,838500043;9,668999785;10,45649988;168,9591655;33,1053307;106,6860842;421320426;;;;
26,94333287;12,20666644;8,663333217;168,7567548;0,104705895;65,32311647;412652073;;;;
-5,431199907;17,96639988;-10,29359979;168,4962277;6,146124137;33,69992246;413894974;;;;
-7,414838777;7,650967661;7,492257883;168,4016999;5,724449013;34,79873659;430174202;;;;
-0,268235414;3,463529349;14,56117633;168,0699334;5,024747099;66,14286944;412436161;;;;
-14,30705977;-4,133548039;-45,80707058;168,001516;648,2224505;5628,571919;420957010;;;;
8,940000008;5,378399831;9,837599944;167,8430955;18,7139625;13,90874421;414842343;;;;
21,45411726;13,59882324;-18,5517643;167,6906214;3,774214636;47,15135981;413870051;;;;
1,205454421;12,3381816;2,416363665;167,5343644;16,20224354;102,4491984;420671104;;;;
32,25789437;8,090526084;5,572105161;167,0005749;6,201442431;4,913935721;414406515;;;;
-5,082857;14,22571402;10,28285701;166,8827245;2,347525318;34,95293058;430084369;;;;
21,11999982;10,43666644;26,90999958;165,8764781;1,361199837;72,41029407;414448120;;;;
6,63411762;14,15764684;4,46941171;165,4050546;13,48833074;0,660005656;410325113;;;;
4,187647056;19,9694115;-9,185294009;165,1526719;17,55479449;31,86946127;414553163;;;;
2,964705967;17,05176455;11,53764692;164,9068002;1,480466748;44,86021727;410414708;;;;
26,02838677;17,61290282;6,096774077;164,7269789;5,43620188;2,107362507;413592505;;;;
3,297857204;-16,05214263;15,32142828;164,6742566;29,61799383;92,03418794;413895198;;;;
22,7205876;13,43294107;21,98999974;164,3850922;26,43136656;69,01161806;414281613;;;;
-5,579999923;8,607692262;3,9507691;164,0729943;5,611569483;110,4233032;414153998;;;;
9,437499829;-30,61499967;8,0049999;163,3265082;1,867382311;51,13499877;413444036;;;;
-13,40571404;18,09214264;1,641428612;162,8705106;30,72812777;121,4533877;410325507;;;;
11,7474751;-4,113087195;20,36569225;162,7931004;31,43279923;29,13895817;421279756;;;;
-0,737419294;-18,41806454;-3,445161248;162,7015605;1446,070173;30,693785;414548644;;;;
-3,511875019;9,247499747;17,0212497;162,5432454;13,50876684;9,751224645;411505029;;;;
-10,46999993;11,62714279;-3,385714219;162,5404138;1,81948345;12,99971814;410115513;;;;
-4,664117547;5,557058538;10,90411751;162,2407154;70,86196208;239,2383847;420667933;;;;
6,631764616;-8,862352959;-9,372352715;161,7862258;270,1054923;163,2712927;411978009;;;;
164,2823512;143,7717622;-105,3941158;161,6155113;3,646370117;4,00064229;430229897;;;;
4,486829249;18,54146313;-30,51219459;161,451449;58,42448711;202,4596932;413844709;;;;
-6,830769232;11,53384582;10,61076899;161,3009412;15,40884417;1,542796826;413317865;;;;
2,386829078;11,65463379;-0,591219398;161,1908087;20,65838128;122,0555762;412496802;;;;
20,50941147;1,697647031;24,56352878;161,1687852;83,68578435;69,18552811;412561744;;;;
22,7739126;14,04260843;25,30173874;161,0812811;1,193065734;106,711335;414448118;;;;
20,82588224;-14,57058794;7,791764593;160,9969318;0,986165951;54,61819313;411458147;;;;
6,592499844;-7,310624869;32,21249972;160,8409708;11,92067029;11,70365693;414268468;;;;
-6,080689531;10,0055171;9,136551428;160,4479514;6,907282441;34,10817053;413870991;;;;
-16,33363619;17,98909059;-13,851818;160,1701439;2,316903495;188,2084402;414155473;;;;
-3,51714289;16,89428557;7,694285515;159,8459303;0,090925755;20,81732438;413917949;;;;
108,9223506;-28,71176425;-18,44470564;159,8297534;2,707394507;18,44426531;414641269;;;;
-7,870908912;7,378181645;5,507272473;159,5869708;22,89475792;73,30314043;430021943;;;;
9,526363483;-2,817272695;-2,484545417;159,5022567;0,751706534;14,19793988;411892971;;;;
26,80588183;4,337646984;10,7388234;159,4488299;0,535146316;109,4713149;413066483;;;;
-11,6424489;-27,61959147;-33,94897914;159,4112885;3,541107835;39,36909936;413204917;;;;
-17,92319985;8,896799756;5,091599866;158,8797593;4,624315689;68,91854545;412146285;;;;
32,38097537;3,575121837;36,16975551;158,7535952;222,3309465;46,64680028;420165329;;;;
-1,042758524;13,493793;6,382758562;158,710724;35,95585974;621,951784;430247152;;;;
16,41294096;-33,72235249;21,3599996;158,6919294;4,34706613;59,82681271;430099288;;;;
16,03660716;30,21023643;-22,95721995;158,6525395;52,15663724;99,84671477;420695956;;;;
-14,75249987;-8,974999788;0,372499917;158,6511583;17,96992098;550,5686456;420623811;;;;
-69,14110668;40,62427557;-77,67658632;158,3995173;114,488163;450,3311904;430193600;;;;
11,39454541;12,46090894;14,58272721;158,2532243;76,61293243;64,31193472;410325740;;;;
8,531538342;6,406153823;22,20230723;158,0647699;13,28236073;49,9237865;420181251;;;;
0,450967678;8,564516026;18,389032;158,0342031;3,913192368;6,809008848;410150713;;;;
11,90823519;6,475294031;-6,867058749;157,9105922;0,733945375;69,35087544;410836085;;;;
-3,663243189;-2,234594605;13,16108101;157,6077841;43,83148007;46,44524294;413860086;;;;
12,04263133;3,974210465;23,63368387;157,5741157;5,63359786;85,9342887;413720866;;;;
24,9199997;20,23176449;3,483529363;157,3775475;0,369938855;11,02585101;412058367;;;;
10,55294099;9,564705696;26,9164703;157,3448554;0,266425316;79,12786792;412586430;;;;
19,95999979;13,48999983;21,52999973;157,0968823;3,685675457;73,89858486;414473242;;;;
32,24799973;-2,181999857;11,55999983;156,670441;248,274971;457,8753742;421094721;;;;
-15,08999984;-5,481428496;-22,47857114;156,5643966;134,9437864;33,07898913;410238782;;;;
4,683157882;14,77894717;-13,31052618;155,9299968;16,96964107;31,71882672;414638552;;;;
-19,87621596;26,7745943;-11,78108096;155,9205258;11,24808064;48,40744186;411942473;;;;
7,439647901;-20,74320245;29,97630763;155,685481;5,743372016;39,78208506;414287316;;;;
-13,98499971;-18,80999975;5,584999913;155,4013248;26,94333705;9,210338925;411792612;;;;
-2,646428593;12,70714259;-16,30928549;155,1054195;9,598228298;40,61094662;414920702;;;;
-5,939999944;12,94222191;-4,622222167;155,1026747;3,576687235;214,2242186;420951107;;;;
31,67999959;26,61749959;11,68499991;154,0600279;5,030883817;88,02603738;420085823;;;;
20,75411734;9,625882049;-25,96235263;153,9870106;2,403828613;25,01024856;413028286;;;;
21,51103426;15,37655155;20,00689631;153,823533;1,161744975;50,7526931;414649560;;;;
50,99999951;15,95529382;46,03647012;153,7662219;1,494553467;74,23776932;421125987;;;;
1,448749931;35,66124948;8,41374971;153,7074328;86,81614042;9,214351035;410691621;;;;
15,57058814;23,69764665;-0,665882331;153,6117611;1,985034497;61,69740946;414125052;;;;
-28,68705881;23,21999983;21,94588212;153,597998;230,1718481;3,135388048;410024775;;;;
-4,584000017;14,62971391;-9,217714203;153,0542445;8,938267857;27,13258223;420092661;;;;
8,834999938;-2,48571425;15,41999979;153,023098;8,68918068;29,63519837;411103145;;;;
11,68470575;9,884705676;29,74470551;152,694549;38,60421591;55,52364063;414641170;;;;
-7,481176353;13,38117631;-10,69529401;152,6122747;83,06747829;138,0743748;410150850;;;;
30,16799977;93,65999793;26,97199943;152,4059717;4,284249604;10,55339593;430106161;;;;
0,522352876;4,087058751;6,545882213;152,3269809;390,6994411;39,6638273;412739427;;;;
-3,400645035;8,781290048;0,725806385;151,9822448;6,367810763;37,07840375;411631660;;;;
21,41999973;7,306829146;6,873658578;151,8451189;5,884291614;445,6407591;414643009;;;;
-0,917142842;11,05542837;-4,299428542;151,6261879;4,184119273;7,424881949;414155375;;;;
21,57930997;12,08275824;23,69793097;151,5515792;0,959763582;59,14632287;414448124;;;;
1,828888722;7,386666536;-11,54666643;151,4952951;33,88356776;44,43572059;410237407;;;;
-10,31195293;6,252754026;3,294574324;151,4560659;68,08746401;113,4775099;413653485;;;;
6,812432314;-10,10270244;4,367026957;150,6945109;7,132469385;142,495018;411456222;;;;
-9,823902331;9,894146146;-6,256097478;150,6880775;1,100485033;15,24222409;414237814;;;;
-16,01833302;12,6499997;-4,384999927;150,4387468;12,65441094;22,13349395;411328864;;;;
-45,47499975;2,472499961;0,337500046;150,1847778;11,03947135;247,8724554;412209615;;;;
4,455319017;12,8770211;1,603404231;150,1585745;18,03890366;21,22680489;411716622;;;;
-16,25586188;8,542758441;15,07862036;149,8934366;16,57399111;46,57682456;414603514;;;;
-7,19058812;2,065882339;1,530588204;149,8798567;18,68029246;11,91187723;420232626;;;;
24,83764671;10,01647037;42,19529341;149,7235586;0,256235245;87,09736893;411452270;;;;
-8,733658488;18,71268276;7,063902356;149,5477849;0,657395167;85,75740233;413334178;;;;
-5,231538381;36,13153823;13,7815383;149,5296014;0,664709726;43,36380436;414082496;;;;
-1,336470637;1,004705862;33,14470527;149,1405196;0,839641389;53,69791015;421125912;;;;
-2,982580645;7,801935223;14,23548358;149,0462832;56,12507218;13,44359152;421319118;;;;
-9,685882239;10,39764684;15,5258822;148,7078234;27,6417051;595,5804725;414888283;;;;
-18,483333;22,95333289;8,479999906;148,4425939;16,76550699;2,056658866;430257329;;;;
8,019999869;13,10470574;3,415294044;148,2188562;3,503401482;30,26503223;421189451;;;;
16,35999971;-8,052941063;-1,509411742;147,9770828;10,09876475;35,86008544;430114797;;;;
19,4723996;19,69439976;31,21079934;147,8540833;5,629453476;63,56184458;412977097;;;;
0,795698116;11,35990049;29,24429066;147,4653137;1,84291289;19,82015273;421046774;;;;
-16,36615367;7,426153653;10,31076908;147,1986895;86,6826871;123,7715033;420594857;;;;
18,03599982;4,448571278;14,93314256;146,8745383;6,359323944;0,434492668;420730429;;;;
30,91764678;4,858823441;20,95529371;146,8045847;5,844454372;58,89914278;412937169;;;;
6,007058663;14,05647045;0,971764712;146,7798651;197,1904381;181,5229375;411870155;;;;
-5,770434574;1,9565217;8,603478165;146,3627899;18,36645927;16,79096928;410150730;;;;
9,727058722;-9,663529178;17,17647053;146,3171913;6,847259031;236,3639082;411210225;;;;
-59,36117555;-18,00823501;14,88705856;145,8983255;22,42022645;34,01908354;414466794;;;;
47,08588159;31,30941149;24,04705827;145,7796302;2,412245639;102,3664733;414179115;;;;
7,214117408;8,424705731;-34,49294075;145,7396006;47,97923921;85,34226724;411104556;;;;
13,16399988;-7,631999879;15,93399987;145,6402573;52,43521425;73,19487369;411793280;;;;
3,182727064;11,90454539;4,963636164;145,3715874;15,78708316;137,0873725;411564995;;;;
-16,0094998;-43,72799913;26,5724997;145,3611431;529,2816092;311,9522104;411978051;;;;
13,37777752;12,49111107;19,61777765;145,0164391;3,156379322;66,39382694;414735305;;;;
18,92352912;13,98117627;23,60352897;144,8828735;1,221766546;64,54023368;414448117;;;;
-4,714054091;8,941621541;9,9875675;144,6991018;0,214297248;89,62211866;411749408;;;;
3,085263189;12,5747365;-5,617894665;144,3437209;15,89932674;30,26408371;410407093;;;;
-3,166153731;9,357692008;-3,973846129;144,0798562;5,71924153;22,79730432;414884253;;;;
7,031764551;32,90352906;1,890588188;143,4741096;3,144107906;92,31844924;421325224;;;;
9,608235065;14,39764674;3,330588184;143,4306225;1,498170231;8,922149259;414700781;;;;
-9,854399884;-0,177600028;41,42159932;143,359278;33,04182233;122,4440386;414876641;;;;
0,251764786;13,28235279;-10,11294097;143,1177109;104,4411759;41,69927579;414124509;;;;
-0,570000156;12,87999972;-1,023333332;142,9264514;6,852705256;18,50165809;410149485;;;;
8,003529182;9,089411588;-1,464705868;142,8328858;0,236501694;0,217465417;413758966;;;;
-10,5799999;12,22666637;-3,662222142;142,5624887;16,06273915;191,015298;413427121;;;;
-12,08099988;14,23199965;7,033499783;142,0505604;2,41775971;115,5997764;410668891;;;;
22,02235253;-6,131764651;30,62823504;141,7486972;0,935138789;83,74771559;413704699;;;;
-6,955101931;-0,040408167;14,67673448;141,7282206;0,365008154;44,25447126;413014153;;;;
-9,645599834;6,607200004;12,94799986;141,5826784;150,9135959;57,80369946;413690489;;;;
17,99999986;14,90142839;27,11999943;141,5669457;7,97350493;39,87138231;420601570;;;;
-23,55176413;15,0317644;44,12705843;141,4159661;0,894722817;78,13300384;414088487;;;;
5,241290265;15,5380641;11,15225796;141,1707681;21,07307649;73,11089666;420645946;;;;
2,955789316;9,587368332;6,701052533;140,9039335;3,360231543;39,7668203;413128410;;;;
19,42340398;5,365531993;14,78936151;140,7516531;184,4730351;22,52455495;410243945;;;;
-43,68117594;3,358823494;8,425882237;140,1649172;7,87744638;114,6398718;412251661;;;;
20,97176435;13,96117607;-1,863529359;140,1206875;0,51098271;102,0843901;411364525;;;;
29,87777733;8,682221967;15,24222202;140,1146233;6,040194397;18,09954885;410414771;;;;
9,66867179;12,64747239;-8,182556563;139,9965164;15,42174707;81,10662024;420024807;;;;
-2,324615413;8,561538356;9,043076787;139,91868;19,31914465;54,21163094;430083281;;;;
18,53318155;7,163181607;18,55909074;139,7791597;69,52959558;258,2118821;421162207;;;;
-8,929411612;6,022941074;0,769411756;139,7182805;23,57345663;39,55384744;413195305;;;;
14,67818161;11,68909076;23,88181782;139,4738564;63,26537628;33,25983197;414280626;;;;
6,083999813;9,04133312;10,3053332;139,3992602;172,1445993;106,244697;414379421;;;;
-0,558260943;14,23043448;-22,70347783;139,3122833;0,785013246;11,24336745;413427360;;;;
-13,70235279;4,269411663;7,63647048;138,9327784;126,0130094;82,44807292;413241808;;;;
-47,40374934;-20,05312478;5,013749975;138,7990268;332,5433173;1,547985524;412437244;;;;
66,21230635;27,32538445;7,739999878;138,6867427;385,6032459;120,2365403;420324754;;;;
8,709473558;9,404210389;-3,391578968;138,6549003;25,64513612;90,41574436;412396514;;;;
14,69176455;13,665882;20,22941146;138,4767377;2,838756607;61,11480374;414448106;;;;
-17,00352918;2,981176447;12,42705848;138,3498794;16,76267843;1,901901096;411819397;;;;
25,82823498;17,98470567;-15,10823502;138,3036931;0,155641239;40,01904132;421125874;;;;
19,66551699;-15,38275845;-23,09999958;138,1234208;6,614335399;151,6525638;411011542;;;;
5,103529353;2,95882348;12,04588204;137,9305994;72,55518713;4,586484651;411775935;;;;
-7,894117533;-5,205882295;6,538823401;137,5306886;44,80568383;80,80509137;413580292;;;;
-11,38235282;62,3894109;-16,50823507;137,4507755;0,660774164;92,33812864;421325100;;;;
-21,81268513;8,065322385;19,95426415;137,4018807;37,09058253;30,37233129;410753670;;;;
28,24705847;6,128235229;12,57647037;137,2978514;0,380450849;78,56640896;414462675;;;;
24,39176432;18,43588209;-13,91999983;137,2715313;10,12326745;68,43578106;413890216;;;;
27,36117618;-34,69647029;23,52352908;137,137171;170,841033;38,53460367;420295911;;;;
-8,738400016;7,451999867;21,45599947;137,0117633;30,53849893;543,7085707;420321789;;;;
19,09836712;4,904081562;16,60163232;136,8388768;30,93236563;13,29288077;414801857;;;;
6,687272542;13,48181794;-7,518181666;136,8022637;8,292258651;31,18533289;413107685;;;;
36,96239956;11,29079981;-31,14839972;136,7623797;50,91526724;8,708916147;413707594;;;;
-5,194838623;10,229032;-4,118709616;136,6290614;22,29068704;118,2814884;413722517;;;;
-11,15058804;8,737646959;1,402352953;136,6083859;62,36380138;22,46600976;410926354;;;;
9,171999944;1,743999958;10,38266655;136,3183501;136,1306262;14,37233808;413671671;;;;
-9,133499928;4,246499977;-4,130999861;135,9645193;180,8666668;59,71413016;411096262;;;;
0,996521735;5,947825983;3,33391307;135,9408217;23,93486215;181,3185182;411369757;;;;
-10,04999991;9,441428351;-3,070714276;135,6833309;26,13018919;155,545344;414287882;;;;
0,691428634;15,33714262;3,545714162;135,5556921;37,17916986;70,06568257;430148883;;;;
3,879944555;10,75462756;-9,175140984;135,4382107;25,77550066;201,9798438;410409415;;;;
-2,185714202;5,408571346;-17,67714264;134,9137943;20,14833392;63,36455812;414586199;;;;
15,60823505;7,032941022;9,916470511;134,3668295;61,40322611;144,7083456;410753423;;;;
0,870967677;12,74516113;4,575483723;134,2334035;9,320106151;91,58806806;411565024;;;;
12,40874993;19,11749969;10,18874972;134,2287428;46,93914214;77,62281799;410325760;;;;
19,45621596;-16,95081057;17,32864835;133,8841255;81,71452196;32,46796734;414145490;;;;
-13,59652161;-43,21173841;25,583478;133,7720733;15,42169596;1,043596385;410149096;;;;
64,87749867;98,127498;43,1699995;133,6055305;7,754703355;16,05474669;410024666;;;;
-9,666666552;-5,702222093;21,90888863;133,3986445;58,84129962;2,9353028;413904037;;;;
23,87529369;20,28705863;1,558823515;133,3962444;5,576060649;41,69714173;412058368;;;;
8,701178836;0,512327096;-8,186242678;133,2148771;51,20751324;31,20542517;413904971;;;;
18,02153812;14,75999974;19,98615354;133,0720052;9,75107382;86,82513693;414588793;;;;
-5,728235216;4,124705807;8,548235228;132,9684951;165,1221789;100,2372961;420732255;;;;
98,56344676;-31,14827552;-18,51931002;132,8021861;9,691129769;59,29566946;414641284;;;;
32,97846113;-74,66307577;18,20923039;132,7845772;1988,084328;256,8228295;430139833;;;;
32,02679954;-4,723199922;16,45919981;132,6187429;0,432152823;87,37294644;414559820;;;;
62,34359876;-46,39679924;13,04519985;132,495763;6,609604821;126,7042877;414090243;;;;
-1,132941216;-2,982352765;14,93294112;132,3930963;165,5854905;28,37514653;414628970;;;;
-12,19764697;15,97764677;-3,077647012;132,3753503;0,577194375;2,071338282;413868384;;;;
1,784444296;12,95777757;-0,508889011;132,3001608;9,264318527;124,3263769;413174884;;;;
-31,95906934;-8,937209209;30,33209281;131,8252933;301,6513561;104,059949;430085612;;;;
-10,44642835;5,717142782;-7,015714171;131,7739526;2,539695331;282,5594312;414877907;;;;
-49,02857124;54,65714157;-23,89428543;131,470305;183,7477483;323,4905557;420933303;;;;
-13,30588233;-0,063529327;-16,6270586;131,3953313;46,20720847;241,4916863;412916254;;;;
8,36249992;13,12499977;-21,04749963;131,3257471;1,33020022;62,72388562;411456249;;;;
106,0571412;-29,12571376;-18,30285683;131,2429997;1,646190597;13,90406946;414641288;;;;
6,202758478;14,3834481;33,32689624;131,1532442;12,88977392;16,93840853;414268465;;;;
-5,973749819;9,667499753;5,893124976;131,1038491;15,75377356;72,27121482;430082217;;;;
6,016595553;8,909361468;0,818297849;131,0404164;0,174032201;17,50060531;412496769;;;;
-20,45249965;14,49749985;9,602999787;130,6264917;89,0028328;56,88294188;420704857;;;;
-17,29999991;18,02499983;3,42500016;130,5669825;5,632009405;117,7713462;420383133;;;;
36,31166628;8,958333167;30,94833297;130,4512064;55,36261246;34,41369795;414860441;;;;
-4,198181802;0,20363637;-4,787272673;130,3338294;75,69200983;60,31749403;414429715;;;;
38,12699955;-54,48599945;4,12799993;130,2201353;12,73259151;120,6964787;412398630;;;;
-6,935555422;10,65999975;5,586666519;129,9642222;13,55815249;144,1222128;414867028;;;;
9,750612069;4,379999955;-3,137142791;129,8121146;0,816750007;30,78074856;411958410;;;;
-4,297499917;5,929999879;5,479999853;129,6631724;6,711234444;27,84761566;420078113;;;;
-2,236363536;3,529090844;14,76545414;129,6538863;8,722160637;3,209796944;430150918;;;;
-2,385882412;-4,214117594;14,35764665;129,409434;131,3705368;3,190394501;420172034;;;;
-3,475862045;7,286896427;-6,626896426;129,3256053;28,33189245;51,23226295;411978046;;;;
-4,352727088;14,47909073;-2,435454264;129,1675577;2,660018223;77,02753539;414673188;;;;
19,18451581;11,24129015;23,11741902;129,0263917;3,801491513;107,6950027;414448134;;;;
0,300000087;9,986086839;10,64608672;128,9565749;10,77081564;1,978960882;414404748;;;;
-9,908888846;10,30444428;9,606666511;128,8765938;9,290933063;27,37227614;414115596;;;;
23,9294114;16,75411741;-0,977647006;128,5570007;22,8485382;115,5153427;414736920;;;;
-1,765384604;10,00615372;0,149999942;128,0189254;11,11631219;153,066595;414725814;;;;
-12,2290908;5,825454495;17,33999975;127,9030744;9,137454447;2,737028997;412695593;;;;
23,42571397;8,455101812;-20,80897932;127,8962985;0,51957534;67,31664949;411911678;;;;
30,58653036;17,49673451;-12,36857117;127,7650889;0,263372373;16,42409902;413870050;;;;
-1,279999996;-40,15764647;44,22117573;127,1577084;175,2370867;54,16912438;413184241;;;;
-26,17399933;2,797999979;16,73399967;126,9582588;7,650740542;11,04563116;411624786;;;;
-2,443199852;14,02319976;-8,553599864;126,7603511;0,490055922;1,32422376;414165063;;;;
-45,8043237;10,45945921;-21,28540503;126,5654929;17,13860999;4,39868061;420176354;;;;
-17,28499931;15,46999983;-6,404999967;126,5324335;16,07814542;144,9589849;414561469;;;;
10,86470565;14,99647037;4,722352837;126,4894308;6,488699571;12,71092115;414131650;;;;
-11,74857137;20,76571398;-13,03428547;126,1219018;86,55692226;58,04204418;414462140;;;;
5,805306006;17,95591811;-16,2869385;125,9154748;39,54026647;27,29970792;413847369;;;;
0,334615395;-4,617692262;21,14999965;125,8900297;120,4080378;30,65796178;430070471;;;;
-2,924999894;13,45874975;-3,449999938;125,7544766;13,17154545;193,667034;414175019;;;;
-9,744705829;4,062352882;11,86941165;125,6692604;40,56491474;54,43646518;413684942;;;;
-4,397419277;13,79612866;6,445161152;125,5814815;8,325824975;156,1895398;413899215;;;;
13,35764687;2,762352933;12,65764694;125,2339136;109,3211932;122,0257349;430227561;;;;
17,09759963;9,832799928;4,564799919;125,2213381;208,7331918;17,57067492;413323045;;;;
32,22823479;15,50352923;28,15294069;125,0697578;14,76519522;31,55937158;414521480;;;;
9,36714281;1,185714261;-2,871428452;124,9623528;7,010483301;61,47492722;413212981;;;;
-18,45550997;-36,88163233;3,154285719;124,6484859;3334,732329;54,09209831;413834439;;;;
0,356326522;2,397551002;13,84163236;124,622459;15,09149331;19,5066301;420294361;;;;
3,362608649;-0,826956497;11,87739125;124,6020442;11,2800945;9,14644728;414593584;;;;
5,294117535;-1,192941182;-0,229411812;124,557986;48,60714524;165,2661986;413783989;;;;
6,979199902;86,1695986;-7,66679982;124,4774832;745,3615115;1404,864306;430229915;;;;
30,63176457;8,598823452;7,664705861;124,3309464;34,48144604;75,27453626;410237131;;;;
8,588108024;28,43351335;-1,013513473;124,1460299;255,2233518;78,70375462;413565050;;;;
-12,56444425;-16,21777756;-38,81111081;124,092346;415,2164631;1439,96279;420595552;;;;
-63,06367296;1,299183666;28,70571388;124,067308;25,62428186;114,2263441;413872668;;;;
-5,068235239;10,72823508;-5,078823414;123,908014;18,47822616;90,39755551;412527099;;;;
45,67411682;-13,62235261;22,72235253;123,8223689;0,601914256;59,05400952;414189535;;;;
6,334545447;-1,341818168;7,77090891;123,7324548;9,464358997;276,4188217;413752276;;;;
-14,8618602;6,83302317;9,5511627;123,4344876;133,584885;57,83232826;414059648;;;;
-3,382499929;10,45749993;16,94249967;123,3872773;49,91023629;8,382932061;413062268;;;;
-6,301176358;15,12352914;18,7505881;123,3196505;0,84188344;59,5495255;413010342;;;;
16,60559975;18,14399982;-5,29679991;123,1368293;0,199689719;48,17975958;420230309;;;;
7,24499992;6,277499875;6,751499874;123,0077037;27,61618722;10,76215119;414408679;;;;
-5,194285618;15,28928546;-8,144999839;122,9571751;7,750681458;41,06309861;414843374;;;;
-8,014285686;13,70938758;1,606530579;122,951546;7,620468254;24,48753918;411948595;;;;
-13,63999974;6,663529349;2,217646977;122,6523794;8,289851236;108,3671904;410325021;;;;
7,257391296;9,101739048;5,535652053;122,5709908;11,83694222;15,56745222;410024862;;;;
-0,375918373;6,198367246;16,62244884;122,480814;23,25123013;29,62994381;414072827;;;;
9,320999775;3,949499955;16,30199988;122,2191743;43,03493217;0,670559968;414414424;;;;
1,979999912;9,806399772;18,46319976;122,1785937;12,08612295;13,66935629;414328996;;;;
-2,464137872;-5,664827379;-2,42482756;122,1459221;463,6757477;11,51807541;410675860;;;;
-76,30749883;-0,466249995;-4,857499934;122,0585244;1,42870049;3,111159495;430042653;;;;
22,17310309;0,053793143;43,93655134;121,7017457;34,63542984;483,3426398;413905158;;;;
0,809999942;10,29499973;12,13999973;121,6674771;1,34042576;31,6025731;413288645;;;;
-5,05516456;-12,21241489;17,72705354;121,5273362;119,3165447;5,577859222;414099411;;;;
28,48857113;-5,935714219;37,5071423;120,9939314;342,2155334;464,1857764;413599486;;;;
-14,1654544;0,902727305;-10,85181795;120,6459123;259,3438132;33,55518585;413784191;;;;
-5,973599958;2,795999984;-8,49359976;120,527421;36,13949858;231,1425155;413196169;;;;
-7,496922962;-4,046153728;-9,612307536;120,5194611;172,9322085;85,23647382;420322716;;;;
-14,10521715;13,52478239;15,31434763;120,504603;58,87769039;19,67378987;420556297;;;;
-0,413023504;11,53135703;10,12651422;119,9707642;146,2423798;126,7776271;413723552;;;;
-0,547142909;10,97285688;-24,5542854;119,9191944;4,838610801;68,99703909;414588897;;;;
-33,29707276;0,15512198;7,489755854;119,5900069;177,0566319;38,32144026;430229889;;;;
32,91999938;-10,49249984;5,532499904;119,4125177;59,76823667;33,32033986;412627684;;;;
10,76999995;8,964782465;-6,191739089;119,243635;3,759612077;18,25961931;413889922;;;;
7,622068855;2,085517178;-27,26689614;119,2187496;0,919196977;30,46077627;413046481;;;;
-9,94199992;10,64699975;14,9159997;118,7234893;1,943422416;20,15787703;414024135;;;;
-7,650697556;4,579534747;-2,148837193;118,6492036;9,12629421;30,37735719;421071226;;;;
-4,391999817;15,12799977;-10,14599983;118,4289237;1,196623154;2,011865944;413704694;;;;
3,658181721;10,27272711;-1,238181742;118,3159062;4,829345254;228,114855;414187489;;;;
13,97999981;13,25411754;24,71176437;118,2222692;132,3374758;61,86355186;420412015;;;;
0,637405424;4,468537124;11,65623583;118,119198;26,31952195;40,79886934;413533662;;;;
7,926428554;5,60142857;-1,900714236;118,0976892;25,14805704;50,0194794;414591454;;;;
-2,722352947;13,58705858;4,835294107;117,9060386;32,13983605;88,72303263;430223806;;;;
2,741176369;-17,46941151;33,0164702;117,702066;173,4144979;12,62477954;430146671;;;;
6,261176457;3,751764651;-15,49999989;117,6293976;0,527810791;105,7151026;414847179;;;;
-12,77733322;-5,465333212;35,09999962;117,5786103;75,78896761;58,94165243;420192397;;;;
7,046399892;11,81519978;-11,17679977;117,4866213;4,833876075;12,95505532;412257559;;;;
8,721428486;13,52571405;12,46714281;117,2447658;11,02217088;957,8583864;411103137;;;;
